repo_name,owner,repo_url,description,language,topics,stars,updated_at,input_url,input_search_query,input_max_pages,warning,warning_code,error,error_code,snapshot_id,snapshot_date,categories,primary_category,input,stars_prev,star_growth,star_growth_rate,momentum_score,signal
BiaPyX/BiaPy,BiaPyX,https://github.com/BiaPyX/BiaPy,,Jupyter Notebook,"['python', 'machine-learning', 'computer-vision', 'deep-learning', 'image-processing']",211,,,,,,,,,raw_2026_08_21,2026-08-21,Computer Vision|Core ML & Deep Learning,Computer Vision,"{'url': 'https://github.com/search?q=topic%3Amachine-learning+stars%3A%3E50&type=repositories&s=updated&o=desc', 'max_pages': 15, 'search_query': ''}",211.0,0,0.0,0.0,💤 LOW VELOCITY
Carl-McBride-Ellis/Compendium-of-free-ML-reading-resources,Carl-McBride-Ellis,https://github.com/Carl-McBride-Ellis/Compendium-of-free-ML-reading-resources,,Unknown,"['machine-learning', 'statistics', 'random-forest', 'svm', 'linear-regression']",555,,,,,,,,,raw_2026_08_21,2026-08-21,Core ML & Deep Learning,Core ML & Deep Learning,"{'url': 'https://github.com/search?q=topic%3Amachine-learning+stars%3A%3E50&type=repositories&s=updated&o=desc', 'max_pages': 15, 'search_query': ''}",,0,0.0,0.0,💤 LOW VELOCITY
CliMA/ClimaAtmos.jl,CliMA,https://github.com/CliMA/ClimaAtmos.jl,,Julia,"['machine-learning', 'gpu', 'optimization', 'climate', 'julia']",125,,,,,,,,,raw_2026_08_21,2026-08-21,Core ML & Deep Learning,Core ML & Deep Learning,"{'url': 'https://github.com/search?q=topic%3Amachine-learning+stars%3A%3E50&type=repositories&s=updated&o=desc', 'max_pages': 15, 'search_query': ''}",,0,0.0,0.0,💤 LOW VELOCITY
CliMA/Oceananigans.jl,CliMA,https://github.com/CliMA/Oceananigans.jl,,Julia,"['machine-learning', 'gpu', 'climate', 'julia', 'ocean']",1410,,,,,,,,,raw_2026_08_21,2026-08-21,Core ML & Deep Learning,Core ML & Deep Learning,"{'url': 'https://github.com/search?q=topic%3Amachine-learning+stars%3A%3E50&type=repositories&s=updated&o=desc', 'max_pages': 15, 'search_query': ''}",,0,0.0,0.0,💤 LOW VELOCITY
Comfy-Org/ComfyUI_frontend,Comfy-Org,https://github.com/Comfy-Org/ComfyUI_frontend,,TypeScript,"['machine-learning', 'generative-ai']",1976,,,,,,,,,raw_2026_08_21,2026-08-21,Core ML & Deep Learning,Core ML & Deep Learning,"{'url': 'https://github.com/search?q=topic%3Amachine-learning+stars%3A%3E50&type=repositories&s=updated&o=desc', 'max_pages': 15, 'search_query': ''}",1970.0,6,0.3,22.1,🌱 STEADY
DIAGNijmegen/rse-grand-challenge,DIAGNijmegen,https://github.com/DIAGNijmegen/rse-grand-challenge,,Python,"['python', 'docker', 'machine-learning', 'django', 'ai']",193,,,,,,,,,raw_2026_08_21,2026-08-21,MLOps & Orchestration|Core ML & Deep Learning,MLOps & Orchestration,"{'url': 'https://github.com/search?q=topic%3Amachine-learning+stars%3A%3E50&type=repositories&s=updated&o=desc', 'max_pages': 15, 'search_query': ''}",,0,0.0,0.0,💤 LOW VELOCITY
DashAISoftware/dashAI,DashAISoftware,https://github.com/DashAISoftware/dashAI,,Python,"['machine-learning', 'deep-learning', 'artificial-intelligence', 'workbench']",428,,,,,,,,,raw_2026_08_21,2026-08-21,Core ML & Deep Learning,Core ML & Deep Learning,"{'url': 'https://github.com/search?q=topic%3Amachine-learning+stars%3A%3E50&type=repositories&s=updated&o=desc', 'max_pages': 15, 'search_query': ''}",398.0,30,7.54,55.8,⚡ ACCELERATING
Evovest/EvoTrees.jl,Evovest,https://github.com/Evovest/EvoTrees.jl,,Julia,"['machine-learning', 'julia', 'regression', 'logistic', 'quantile']",200,,,,,,,,,raw_2026_08_21,2026-08-21,Core ML & Deep Learning,Core ML & Deep Learning,"{'url': 'https://github.com/search?q=topic%3Amachine-learning+stars%3A%3E50&type=repositories&s=updated&o=desc', 'max_pages': 15, 'search_query': ''}",,0,0.0,0.0,💤 LOW VELOCITY
GAMS-dev/gamspy,GAMS-dev,https://github.com/GAMS-dev/gamspy,,Python,"['python', 'machine-learning', 'optimization', 'linear-programming', 'modeling-language']",131,,,,,,,,,raw_2026_08_21,2026-08-21,Core ML & Deep Learning,Core ML & Deep Learning,"{'url': 'https://github.com/search?q=topic%3Amachine-learning+stars%3A%3E50&type=repositories&s=updated&o=desc', 'max_pages': 15, 'search_query': ''}",,0,0.0,0.0,💤 LOW VELOCITY
GrayboxTech/weightslab,GrayboxTech,https://github.com/GrayboxTech/weightslab,,Python,"['python', 'open-source', 'machine-learning', 'computer-vision', 'deep-learning']",166,,,,,,,,,raw_2026_08_21,2026-08-21,Computer Vision|Core ML & Deep Learning,Computer Vision,"{'url': 'https://github.com/search?q=topic%3Amachine-learning+stars%3A%3E50&type=repositories&s=updated&o=desc', 'max_pages': 15, 'search_query': ''}",,0,0.0,0.0,💤 LOW VELOCITY
JohnSnowLabs/johnsnowlabs,JohnSnowLabs,https://github.com/JohnSnowLabs/johnsnowlabs,,Python,"['python', 'nlp', 'machine-learning', 'natural-language-processing', 'spark']",74,,,,,,,,,raw_2026_08_21,2026-08-21,Core ML & Deep Learning,Core ML & Deep Learning,"{'url': 'https://github.com/search?q=topic%3Amachine-learning+stars%3A%3E50&type=repositories&s=updated&o=desc', 'max_pages': 15, 'search_query': ''}",,0,0.0,0.0,💤 LOW VELOCITY
Jordan-Pierce/CoralNet-Toolbox,Jordan-Pierce,https://github.com/Jordan-Pierce/CoralNet-Toolbox,,Python,"['machine-learning', 'image-annotation', 'image-classification', 'object-detection', 'cpc']",51,,,,,,,,,raw_2026_08_21,2026-08-21,Computer Vision|Core ML & Deep Learning,Computer Vision,"{'url': 'https://github.com/search?q=topic%3Amachine-learning+stars%3A%3E50&type=repositories&s=updated&o=desc', 'max_pages': 15, 'search_query': ''}",,0,0.0,0.0,💤 LOW VELOCITY
JuliaLang/julia,JuliaLang,https://github.com/JuliaLang/julia,,Julia,"['programming-language', 'science', 'machine-learning', 'hpc', 'julia']",49022,,,,,,,,,raw_2026_08_21,2026-08-21,Core ML & Deep Learning,Core ML & Deep Learning,"{'url': 'https://github.com/search?q=topic%3Amachine-learning+stars%3A%3E50&type=repositories&s=updated&o=desc', 'max_pages': 15, 'search_query': ''}",49018.0,4,0.01,16.2,💤 LOW VELOCITY
Kiln-AI/Kiln,Kiln-AI,https://github.com/Kiln-AI/Kiln,,Python,"['python', 'windows', 'macos', 'machine-learning', 'ai']",5029,,,,,,,,,raw_2026_08_21,2026-08-21,Core ML & Deep Learning,Core ML & Deep Learning,"{'url': 'https://github.com/search?q=topic%3Amachine-learning+stars%3A%3E50&type=repositories&s=updated&o=desc', 'max_pages': 15, 'search_query': ''}",5029.0,0,0.0,0.0,💤 LOW VELOCITY
Kitware/dive,Kitware,https://github.com/Kitware/dive,,TypeScript,"['docker', 'machine-learning', 'video', 'computer-vision', 'image-annotation']",105,,,,,,,,,raw_2026_08_21,2026-08-21,Computer Vision|MLOps & Orchestration|Core ML & Deep Learning,Computer Vision,"{'url': 'https://github.com/search?q=topic%3Amachine-learning+stars%3A%3E50&type=repositories&s=updated&o=desc', 'max_pages': 15, 'search_query': ''}",,0,0.0,0.0,💤 LOW VELOCITY
Leeroo-AI/kapso,Leeroo-AI,https://github.com/Leeroo-AI/kapso,,Python,"['machine-learning', 'program-synthesis', 'knowledge-graph', 'code-optimization', 'autonomous-agents']",96,,,,,,,,,raw_2026_08_21,2026-08-21,AI Agents|Core ML & Deep Learning,AI Agents,"{'url': 'https://github.com/search?q=topic%3Amachine-learning+stars%3A%3E50&type=repositories&s=updated&o=desc', 'max_pages': 15, 'search_query': ''}",,0,0.0,0.0,💤 LOW VELOCITY
MaartenGr/BERTopic,MaartenGr,https://github.com/MaartenGr/BERTopic,,Python,"['nlp', 'machine-learning', 'topic', 'transformers', 'topic-modeling']",7796,,,,,,,,,raw_2026_08_21,2026-08-21,Core ML & Deep Learning,Core ML & Deep Learning,"{'url': 'https://github.com/search?q=topic%3Amachine-learning+stars%3A%3E50&type=repositories&s=updated&o=desc', 'max_pages': 15, 'search_query': ''}",,0,0.0,0.0,💤 LOW VELOCITY
MakazhanAlpamys/Soup,MakazhanAlpamys,https://github.com/MakazhanAlpamys/Soup,,Python,"['python', 'cli', 'machine-learning', 'transformers', 'pytorch']",2635,,,,,,,,,raw_2026_08_21,2026-08-21,Core ML & Deep Learning,Core ML & Deep Learning,"{'url': 'https://github.com/search?q=topic%3Amachine-learning+stars%3A%3E50&type=repositories&s=updated&o=desc', 'max_pages': 15, 'search_query': ''}",2410.0,225,9.34,77.6,🔥 BREAKOUT
Manuteaa/dbd_autoSkillCheck,Manuteaa,https://github.com/Manuteaa/dbd_autoSkillCheck,,Python,"['machine-learning', 'artificial-intelligence', 'dead-by-daylight']",119,,,,,,,,,raw_2026_08_21,2026-08-21,Core ML & Deep Learning,Core ML & Deep Learning,"{'url': 'https://github.com/search?q=topic%3Amachine-learning+stars%3A%3E50&type=repositories&s=updated&o=desc', 'max_pages': 15, 'search_query': ''}",,0,0.0,0.0,💤 LOW VELOCITY
NVIDIA/physicsnemo,NVIDIA,https://github.com/NVIDIA/physicsnemo,,Python,"['machine-learning', 'deep-learning', 'physics', 'pytorch', 'nvidia-gpu']",3182,,,,,,,,,raw_2026_08_21,2026-08-21,Core ML & Deep Learning,Core ML & Deep Learning,"{'url': 'https://github.com/search?q=topic%3Amachine-learning+stars%3A%3E50&type=repositories&s=updated&o=desc', 'max_pages': 15, 'search_query': ''}",3172.0,10,0.32,26.8,🌱 STEADY
NeuroTechX/moabb,NeuroTechX,https://github.com/NeuroTechX/moabb,,Python,"['machine-learning', 'neuroscience', 'eeg', 'bci', 'brain-computer-interface']",1038,,,,,,,,,raw_2026_08_21,2026-08-21,Core ML & Deep Learning,Core ML & Deep Learning,"{'url': 'https://github.com/search?q=topic%3Amachine-learning+stars%3A%3E50&type=repositories&s=updated&o=desc', 'max_pages': 15, 'search_query': ''}",1036.0,2,0.19,12.7,💤 LOW VELOCITY
ORNL/HydraGNN,ORNL,https://github.com/ORNL/HydraGNN,,Python,['machine-learning'],124,,,,,,,,,raw_2026_08_21,2026-08-21,RAG & Retrieval|Core ML & Deep Learning,RAG & Retrieval,"{'url': 'https://github.com/search?q=topic%3Amachine-learning+stars%3A%3E50&type=repositories&s=updated&o=desc', 'max_pages': 15, 'search_query': ''}",124.0,0,0.0,0.0,💤 LOW VELOCITY
OSGeo/grass,OSGeo,https://github.com/OSGeo/grass,,C,"['python', 'science', 'data-science', 'machine-learning', 'jupyter']",1153,,,,,,,,,raw_2026_08_21,2026-08-21,Core ML & Deep Learning,Core ML & Deep Learning,"{'url': 'https://github.com/search?q=topic%3Amachine-learning+stars%3A%3E50&type=repositories&s=updated&o=desc', 'max_pages': 15, 'search_query': ''}",1153.0,0,0.0,0.0,💤 LOW VELOCITY
Oxen-AI/Oxen,Oxen-AI,https://github.com/Oxen-AI/Oxen,,Rust,"['python', 'rust', 'machine-learning', 'version-control', 'vcs']",1179,,,,,,,,,raw_2026_08_21,2026-08-21,Core ML & Deep Learning,Core ML & Deep Learning,"{'url': 'https://github.com/search?q=topic%3Amachine-learning+stars%3A%3E50&type=repositories&s=updated&o=desc', 'max_pages': 15, 'search_query': ''}",1179.0,0,0.0,0.0,💤 LOW VELOCITY
PennyLaneAI/pennylane,PennyLaneAI,https://github.com/PennyLaneAI/pennylane,,Python,"['python', 'machine-learning', 'deep-learning', 'neural-network', 'qml']",3428,,,,,,,,,raw_2026_08_21,2026-08-21,Core ML & Deep Learning,Core ML & Deep Learning,"{'url': 'https://github.com/search?q=topic%3Amachine-learning+stars%3A%3E50&type=repositories&s=updated&o=desc', 'max_pages': 15, 'search_query': ''}",3423.0,5,0.15,19.3,💤 LOW VELOCITY
PriorLabs/TabPFN,PriorLabs,https://github.com/PriorLabs/TabPFN,,Python,"['data-science', 'machine-learning', 'tabular-data', 'foundation-models', 'tabpfn']",7829,,,,,,,,,raw_2026_08_21,2026-08-21,Core ML & Deep Learning,Core ML & Deep Learning,"{'url': 'https://github.com/search?q=topic%3Amachine-learning+stars%3A%3E50&type=repositories&s=updated&o=desc', 'max_pages': 15, 'search_query': ''}",7815.0,14,0.18,28.7,🌱 STEADY
ServiceNow/eva,ServiceNow,https://github.com/ServiceNow/eva,,Python,"['nlp', 'machine-learning', 'tts', 'asr', 'evaluation-framework']",197,,,,,,,,,raw_2026_08_21,2026-08-21,Core ML & Deep Learning,Core ML & Deep Learning,"{'url': 'https://github.com/search?q=topic%3Amachine-learning+stars%3A%3E50&type=repositories&s=updated&o=desc', 'max_pages': 15, 'search_query': ''}",196.0,1,0.51,11.1,💤 LOW VELOCITY
Sujal-142/ai-image-clean-eraser,Sujal-142,https://github.com/Sujal-142/ai-image-clean-eraser,,HTML,"['machine-learning', 'ocr', 'computer-vision', 'image-processing', 'image-editing']",119,,,,,,,,,raw_2026_08_21,2026-08-21,Computer Vision|Core ML & Deep Learning,Computer Vision,"{'url': 'https://github.com/search?q=topic%3Amachine-learning+stars%3A%3E50&type=repositories&s=updated&o=desc', 'max_pages': 15, 'search_query': ''}",119.0,0,0.0,0.0,💤 LOW VELOCITY
SuperCowPowers/workbench,SuperCowPowers,https://github.com/SuperCowPowers/workbench,,Python,"['python', 'aws', 'machine-learning', 'big-data', 'spark']",51,,,,,,,,,raw_2026_08_21,2026-08-21,Core ML & Deep Learning,Core ML & Deep Learning,"{'url': 'https://github.com/search?q=topic%3Amachine-learning+stars%3A%3E50&type=repositories&s=updated&o=desc', 'max_pages': 15, 'search_query': ''}",51.0,0,0.0,0.0,💤 LOW VELOCITY
SwanHubX/SwanLab,SwanHubX,https://github.com/SwanHubX/SwanLab,,Python,"['visualization', 'python', 'training', 'tracking', 'data-science']",4164,,,,,,,,,raw_2026_08_21,2026-08-21,Core ML & Deep Learning,Core ML & Deep Learning,"{'url': 'https://github.com/search?q=topic%3Amachine-learning+stars%3A%3E50&type=repositories&s=updated&o=desc', 'max_pages': 15, 'search_query': ''}",4159.0,5,0.12,19.1,💤 LOW VELOCITY
TuringLang/Turing.jl,TuringLang,https://github.com/TuringLang/Turing.jl,,Julia,"['machine-learning', 'julia-language', 'artificial-intelligence', 'probabilistic-programming', 'bayesian-inference']",2249,,,,,,,,,raw_2026_08_21,2026-08-21,Core ML & Deep Learning,Core ML & Deep Learning,"{'url': 'https://github.com/search?q=topic%3Amachine-learning+stars%3A%3E50&type=repositories&s=updated&o=desc', 'max_pages': 15, 'search_query': ''}",,0,0.0,0.0,💤 LOW VELOCITY
VIAME/VIAME,VIAME,https://github.com/VIAME/VIAME,,Python,"['open-source', 'tracking', 'machine-learning', 'computer-vision', 'deep-learning']",336,,,,,,,,,raw_2026_08_21,2026-08-21,Computer Vision|Core ML & Deep Learning,Computer Vision,"{'url': 'https://github.com/search?q=topic%3Amachine-learning+stars%3A%3E50&type=repositories&s=updated&o=desc', 'max_pages': 15, 'search_query': ''}",336.0,0,0.0,0.0,💤 LOW VELOCITY
VectorInstitute/odyssey,VectorInstitute,https://github.com/VectorInstitute/odyssey,,Python,"['machine-learning', 'transformers', 'healthcare', 'electronic-health-record', 'state-space-models']",61,,,,,,,,,raw_2026_08_21,2026-08-21,RAG & Retrieval|Core ML & Deep Learning,RAG & Retrieval,"{'url': 'https://github.com/search?q=topic%3Amachine-learning+stars%3A%3E50&type=repositories&s=updated&o=desc', 'max_pages': 15, 'search_query': ''}",61.0,0,0.0,0.0,💤 LOW VELOCITY
YanjieZe/Paper-List,YanjieZe,https://github.com/YanjieZe/Paper-List,,Python,"['machine-learning', 'research', 'computer-vision', 'robotics']",587,,,,,,,,,raw_2026_08_21,2026-08-21,Computer Vision|RAG & Retrieval|Core ML & Deep Learning,Computer Vision,"{'url': 'https://github.com/search?q=topic%3Amachine-learning+stars%3A%3E50&type=repositories&s=updated&o=desc', 'max_pages': 15, 'search_query': ''}",,0,0.0,0.0,💤 LOW VELOCITY
albumentations-team/AlbumentationsX,albumentations-team,https://github.com/albumentations-team/AlbumentationsX,,Python,"['python', 'machine-learning', 'computer-vision', 'deep-learning', 'tensorflow']",534,,,,,,,,,raw_2026_08_21,2026-08-21,Computer Vision|Core ML & Deep Learning,Computer Vision,"{'url': 'https://github.com/search?q=topic%3Amachine-learning+stars%3A%3E50&type=repositories&s=updated&o=desc', 'max_pages': 15, 'search_query': ''}",534.0,0,0.0,0.0,💤 LOW VELOCITY
aminekago-web/Paradigm-Survival-Arena,aminekago-web,https://github.com/aminekago-web/Paradigm-Survival-Arena,,HTML,"['javascript', 'game', 'python', 'machine-learning', 'reinforcement-learning']",117,,,,,,,,,raw_2026_08_21,2026-08-21,Core ML & Deep Learning,Core ML & Deep Learning,"{'url': 'https://github.com/search?q=topic%3Amachine-learning+stars%3A%3E50&type=repositories&s=updated&o=desc', 'max_pages': 15, 'search_query': ''}",117.0,0,0.0,0.0,💤 LOW VELOCITY
apache/airflow,apache,https://github.com/apache/airflow,,Python,"['python', 'workflow', 'data-science', 'machine-learning', 'airflow']",46570,,,,,,,,,raw_2026_08_21,2026-08-21,MLOps & Orchestration|Core ML & Deep Learning,MLOps & Orchestration,"{'url': 'https://github.com/search?q=topic%3Amachine-learning+stars%3A%3E50&type=repositories&s=updated&o=desc', 'max_pages': 15, 'search_query': ''}",46536.0,34,0.07,36.2,🌱 STEADY
arc53/DocsGPT,arc53,https://github.com/arc53/DocsGPT,,Python,"['react', 'python', 'search', 'machine-learning', 'natural-language-processing']",18219,,,,,,,,,raw_2026_08_21,2026-08-21,RAG & Retrieval|Core ML & Deep Learning,RAG & Retrieval,"{'url': 'https://github.com/search?q=topic%3Amachine-learning+stars%3A%3E50&type=repositories&s=updated&o=desc', 'max_pages': 15, 'search_query': ''}",18220.0,-1,-0.01,0.0,💤 LOW VELOCITY
argoproj/argo-workflows,argoproj,https://github.com/argoproj/argo-workflows,,Go,"['kubernetes', 'workflow', 'machine-learning', 'airflow', 'workflow-engine']",16924,,,,,,,,,raw_2026_08_21,2026-08-21,MLOps & Orchestration|Core ML & Deep Learning,MLOps & Orchestration,"{'url': 'https://github.com/search?q=topic%3Amachine-learning+stars%3A%3E50&type=repositories&s=updated&o=desc', 'max_pages': 15, 'search_query': ''}",16916.0,8,0.05,22.5,🌱 STEADY
autogluon/autogluon,autogluon,https://github.com/autogluon/autogluon,,Python,"['python', 'data-science', 'machine-learning', 'natural-language-processing', 'computer-vision']",10610,,,,,,,,,raw_2026_08_21,2026-08-21,Computer Vision|Core ML & Deep Learning,Computer Vision,"{'url': 'https://github.com/search?q=topic%3Amachine-learning+stars%3A%3E50&type=repositories&s=updated&o=desc', 'max_pages': 15, 'search_query': ''}",10609.0,1,0.01,7.0,💤 LOW VELOCITY
catboost/catboost,catboost,https://github.com/catboost/catboost,,C++,"['python', 'data-science', 'machine-learning', 'data-mining', 'tutorial']",9072,,,,,,,,,raw_2026_08_21,2026-08-21,Core ML & Deep Learning,Core ML & Deep Learning,"{'url': 'https://github.com/search?q=topic%3Amachine-learning+stars%3A%3E50&type=repositories&s=updated&o=desc', 'max_pages': 15, 'search_query': ''}",9069.0,3,0.03,14.2,💤 LOW VELOCITY
ccao-data/model-res-avm,ccao-data,https://github.com/ccao-data/model-res-avm,,R,"['data-science', 'machine-learning', 'r', 'model', 'assessment']",71,,,,,,,,,raw_2026_08_21,2026-08-21,Core ML & Deep Learning,Core ML & Deep Learning,"{'url': 'https://github.com/search?q=topic%3Amachine-learning+stars%3A%3E50&type=repositories&s=updated&o=desc', 'max_pages': 15, 'search_query': ''}",71.0,0,0.0,0.0,💤 LOW VELOCITY
christopherkarani/Swarm,christopherkarani,https://github.com/christopherkarani/Swarm,,Swift,"['macos', 'swift', 'agent', 'swift-library', 'ios']",568,,,,,,,,,raw_2026_08_21,2026-08-21,AI Agents,AI Agents,"{'url': 'https://github.com/search?q=topic%3Amachine-learning+stars%3A%3E50&type=repositories&s=updated&o=desc', 'max_pages': 15, 'search_query': ''}",566.0,2,0.35,14.0,💤 LOW VELOCITY
cyberlife-coder/VelesDB,cyberlife-coder,https://github.com/cyberlife-coder/VelesDB,,Rust,"['rust', 'search-engine', 'machine-learning', 'ai', 'embeddings']",87,,,,,,,,,raw_2026_08_21,2026-08-21,RAG & Retrieval|Core ML & Deep Learning,RAG & Retrieval,"{'url': 'https://github.com/search?q=topic%3Amachine-learning+stars%3A%3E50&type=repositories&s=updated&o=desc', 'max_pages': 15, 'search_query': ''}",87.0,0,0.0,0.0,💤 LOW VELOCITY
ddmms/ml-peg,ddmms,https://github.com/ddmms/ml-peg,,Python,"['benchmarking', 'machine-learning', 'validation', 'interatomic-potentials', 'ai-for-science']",56,,,,,,,,,raw_2026_08_21,2026-08-21,Core ML & Deep Learning,Core ML & Deep Learning,"{'url': 'https://github.com/search?q=topic%3Amachine-learning+stars%3A%3E50&type=repositories&s=updated&o=desc', 'max_pages': 15, 'search_query': ''}",,0,0.0,0.0,💤 LOW VELOCITY
deepspeedai/DeepSpeed,deepspeedai,https://github.com/deepspeedai/DeepSpeed,,Python,"['machine-learning', 'compression', 'deep-learning', 'gpu', 'inference']",42974,,,,,,,,,raw_2026_08_21,2026-08-21,Core ML & Deep Learning,Core ML & Deep Learning,"{'url': 'https://github.com/search?q=topic%3Amachine-learning+stars%3A%3E50&type=repositories&s=updated&o=desc', 'max_pages': 15, 'search_query': ''}",42961.0,13,0.03,26.7,🌱 STEADY
dipy/dipy,dipy,https://github.com/dipy/dipy,,Python,"['python', 'tracking', 'machine-learning', 'medical-imaging', 'registration']",835,,,,,,,,,raw_2026_08_21,2026-08-21,Core ML & Deep Learning,Core ML & Deep Learning,"{'url': 'https://github.com/search?q=topic%3Amachine-learning+stars%3A%3E50&type=repositories&s=updated&o=desc', 'max_pages': 15, 'search_query': ''}",835.0,0,0.0,0.0,💤 LOW VELOCITY
dmlc/xgboost,dmlc,https://github.com/dmlc/xgboost,,C++,"['distributed-systems', 'machine-learning', 'xgboost', 'gbdt', 'gbm']",28685,,,,,,,,,raw_2026_08_21,2026-08-21,Core ML & Deep Learning,Core ML & Deep Learning,"{'url': 'https://github.com/search?q=topic%3Amachine-learning+stars%3A%3E50&type=repositories&s=updated&o=desc', 'max_pages': 15, 'search_query': ''}",28666.0,19,0.07,30.6,🌱 STEADY
dstackai/dstack,dstackai,https://github.com/dstackai/dstack,,Python,"['python', 'training', 'docker', 'kubernetes', 'machine-learning']",2217,,,,,,,,,raw_2026_08_21,2026-08-21,MLOps & Orchestration|Core ML & Deep Learning,MLOps & Orchestration,"{'url': 'https://github.com/search?q=topic%3Amachine-learning+stars%3A%3E50&type=repositories&s=updated&o=desc', 'max_pages': 15, 'search_query': ''}",2216.0,1,0.05,7.4,💤 LOW VELOCITY
fairlearn/fairlearn,fairlearn,https://github.com/fairlearn/fairlearn,,Python,"['machine-learning', 'ai', 'artificial-intelligence', 'fairness', 'ai-systems']",2271,,,,,,,,,raw_2026_08_21,2026-08-21,Core ML & Deep Learning,Core ML & Deep Learning,"{'url': 'https://github.com/search?q=topic%3Amachine-learning+stars%3A%3E50&type=repositories&s=updated&o=desc', 'max_pages': 15, 'search_query': ''}",,0,0.0,0.0,💤 LOW VELOCITY
feast-dev/feast,feast-dev,https://github.com/feast-dev/feast,,Python,"['python', 'data-science', 'machine-learning', 'big-data', 'ml']",7224,,,,,,,,,raw_2026_08_21,2026-08-21,Core ML & Deep Learning,Core ML & Deep Learning,"{'url': 'https://github.com/search?q=topic%3Amachine-learning+stars%3A%3E50&type=repositories&s=updated&o=desc', 'max_pages': 15, 'search_query': ''}",7217.0,7,0.1,21.7,🌱 STEADY
flodl-labs/flodl,flodl-labs,https://github.com/flodl-labs/flodl,,Rust,"['rust', 'machine-learning', 'deep-learning', 'graph']",60,,,,,,,,,raw_2026_08_21,2026-08-21,Core ML & Deep Learning,Core ML & Deep Learning,"{'url': 'https://github.com/search?q=topic%3Amachine-learning+stars%3A%3E50&type=repositories&s=updated&o=desc', 'max_pages': 15, 'search_query': ''}",,0,0.0,0.0,💤 LOW VELOCITY
flwrlabs/flower,flwrlabs,https://github.com/flwrlabs/flower,,Python,"['android', 'python', 'raspberry-pi', 'ios', 'machine-learning']",7082,,,,,,,,,raw_2026_08_21,2026-08-21,Core ML & Deep Learning,Core ML & Deep Learning,"{'url': 'https://github.com/search?q=topic%3Amachine-learning+stars%3A%3E50&type=repositories&s=updated&o=desc', 'max_pages': 15, 'search_query': ''}",7081.0,1,0.01,7.0,💤 LOW VELOCITY
flyteorg/flyte,flyteorg,https://github.com/flyteorg/flyte,,Go,"['python', 'kubernetes', 'golang', 'workflow', 'data-science']",7221,,,,,,,,,raw_2026_08_21,2026-08-21,MLOps & Orchestration,MLOps & Orchestration,"{'url': 'https://github.com/search?q=topic%3Amachine-learning+stars%3A%3E50&type=repositories&s=updated&o=desc', 'max_pages': 15, 'search_query': ''}",7212.0,9,0.12,24.2,🌱 STEADY
google-ai-edge/mediapipe,google-ai-edge,https://github.com/google-ai-edge/mediapipe,,C++,"['android', 'c-plus-plus', 'calculator', 'machine-learning', 'framework']",36684,,,,,,,,,raw_2026_08_21,2026-08-21,Core ML & Deep Learning,Core ML & Deep Learning,"{'url': 'https://github.com/search?q=topic%3Amachine-learning+stars%3A%3E50&type=repositories&s=updated&o=desc', 'max_pages': 15, 'search_query': ''}",36665.0,19,0.05,30.4,🌱 STEADY
gorse-io/gorse,gorse-io,https://github.com/gorse-io/gorse,,Go,"['go', 'machine-learning', 'collaborative-filtering', 'recommender-system', 'knn']",9800,,,,,,,,,raw_2026_08_21,2026-08-21,Core ML & Deep Learning,Core ML & Deep Learning,"{'url': 'https://github.com/search?q=topic%3Amachine-learning+stars%3A%3E50&type=repositories&s=updated&o=desc', 'max_pages': 15, 'search_query': ''}",,0,0.0,0.0,💤 LOW VELOCITY
gradio-app/gradio,gradio-app,https://github.com/gradio-app/gradio,,Python,"['python', 'data-science', 'machine-learning', 'ui', 'deep-learning']",43399,,,,,,,,,raw_2026_08_21,2026-08-21,Core ML & Deep Learning,Core ML & Deep Learning,"{'url': 'https://github.com/search?q=topic%3Amachine-learning+stars%3A%3E50&type=repositories&s=updated&o=desc', 'max_pages': 15, 'search_query': ''}",43388.0,11,0.03,25.1,🌱 STEADY
grandgaming9321-prog/reality-engine,grandgaming9321-prog,https://github.com/grandgaming9321-prog/reality-engine,,HTML,"['python', 'open-source', 'machine-learning', 'reinforcement-learning', 'ai']",123,,,,,,,,,raw_2026_08_21,2026-08-21,Core ML & Deep Learning,Core ML & Deep Learning,"{'url': 'https://github.com/search?q=topic%3Amachine-learning+stars%3A%3E50&type=repositories&s=updated&o=desc', 'max_pages': 15, 'search_query': ''}",123.0,0,0.0,0.0,💤 LOW VELOCITY
huggingface/hub-docs,huggingface,https://github.com/huggingface/hub-docs,,Handlebars,"['machine-learning', 'hacktoberfest']",588,,,,,,,,,raw_2026_08_21,2026-08-21,Core ML & Deep Learning,Core ML & Deep Learning,"{'url': 'https://github.com/search?q=topic%3Amachine-learning+stars%3A%3E50&type=repositories&s=updated&o=desc', 'max_pages': 15, 'search_query': ''}",588.0,0,0.0,0.0,💤 LOW VELOCITY
huggingface/speech-to-speech,huggingface,https://github.com/huggingface/speech-to-speech,,Python,"['python', 'machine-learning', 'ai', 'speech', 'speech-synthesis']",12741,,,,,,,,,raw_2026_08_21,2026-08-21,Core ML & Deep Learning,Core ML & Deep Learning,"{'url': 'https://github.com/search?q=topic%3Amachine-learning+stars%3A%3E50&type=repositories&s=updated&o=desc', 'max_pages': 15, 'search_query': ''}",12645.0,96,0.76,51.4,⚡ ACCELERATING
huggingface/transformers,huggingface,https://github.com/huggingface/transformers,,Python,"['audio', 'python', 'nlp', 'machine-learning', 'natural-language-processing']",164309,,,,,,,,,raw_2026_08_21,2026-08-21,Core ML & Deep Learning,Core ML & Deep Learning,"{'url': 'https://github.com/search?q=topic%3Amachine-learning+stars%3A%3E50&type=repositories&s=updated&o=desc', 'max_pages': 15, 'search_query': ''}",164264.0,45,0.03,38.6,🌱 STEADY
iree-org/iree,iree-org,https://github.com/iree-org/iree,,C++,"['machine-learning', 'compiler', 'runtime', 'tensorflow', 'vulkan']",3890,,,,,,,,,raw_2026_08_21,2026-08-21,Core ML & Deep Learning,Core ML & Deep Learning,"{'url': 'https://github.com/search?q=topic%3Amachine-learning+stars%3A%3E50&type=repositories&s=updated&o=desc', 'max_pages': 15, 'search_query': ''}",3887.0,3,0.08,14.6,💤 LOW VELOCITY
jaimasih05-commits/swarm-foraging-qlearn,jaimasih05-commits,https://github.com/jaimasih05-commits/swarm-foraging-qlearn,,HTML,"['python', 'machine-learning', 'reinforcement-learning', 'simulation', 'decision-making']",117,,,,,,,,,raw_2026_08_21,2026-08-21,AI Agents|RAG & Retrieval|Core ML & Deep Learning,AI Agents,"{'url': 'https://github.com/search?q=topic%3Amachine-learning+stars%3A%3E50&type=repositories&s=updated&o=desc', 'max_pages': 15, 'search_query': ''}",117.0,0,0.0,0.0,💤 LOW VELOCITY
kornia/kornia,kornia,https://github.com/kornia/kornia,,Python,"['python', 'machine-learning', 'computer-vision', 'deep-learning', 'neural-network']",11321,,,,,,,,,raw_2026_08_21,2026-08-21,Computer Vision|Core ML & Deep Learning,Computer Vision,"{'url': 'https://github.com/search?q=topic%3Amachine-learning+stars%3A%3E50&type=repositories&s=updated&o=desc', 'max_pages': 15, 'search_query': ''}",11314.0,7,0.06,21.4,🌱 STEADY
kserve/kserve,kserve,https://github.com/kserve/kserve,,Go,"['kubernetes', 'machine-learning', 'tensorflow', 'cncf', 'pytorch']",5815,,,,,,,,,raw_2026_08_21,2026-08-21,MLOps & Orchestration|Core ML & Deep Learning,MLOps & Orchestration,"{'url': 'https://github.com/search?q=topic%3Amachine-learning+stars%3A%3E50&type=repositories&s=updated&o=desc', 'max_pages': 15, 'search_query': ''}",5805.0,10,0.17,25.5,🌱 STEADY
kserve/website,kserve,https://github.com/kserve/website,,MDX,"['documentation', 'machine-learning', 'serverless', 'inference', 'cloud-native']",113,,,,,,,,,raw_2026_08_21,2026-08-21,Core ML & Deep Learning,Core ML & Deep Learning,"{'url': 'https://github.com/search?q=topic%3Amachine-learning+stars%3A%3E50&type=repositories&s=updated&o=desc', 'max_pages': 15, 'search_query': ''}",,0,0.0,0.0,💤 LOW VELOCITY
kubeflow/pipelines,kubeflow,https://github.com/kubeflow/pipelines,,Python,"['kubernetes', 'data-science', 'machine-learning', 'pipeline', 'kubeflow']",4191,,,,,,,,,raw_2026_08_21,2026-08-21,MLOps & Orchestration|Core ML & Deep Learning,MLOps & Orchestration,"{'url': 'https://github.com/search?q=topic%3Amachine-learning+stars%3A%3E50&type=repositories&s=updated&o=desc', 'max_pages': 15, 'search_query': ''}",4187.0,4,0.1,17.0,💤 LOW VELOCITY
kubeflow/trainer,kubeflow,https://github.com/kubeflow/trainer,,Go,"['python', 'kubernetes', 'machine-learning', 'ai', 'tensorflow']",2191,,,,,,,,,raw_2026_08_21,2026-08-21,MLOps & Orchestration|Core ML & Deep Learning,MLOps & Orchestration,"{'url': 'https://github.com/search?q=topic%3Amachine-learning+stars%3A%3E50&type=repositories&s=updated&o=desc', 'max_pages': 15, 'search_query': ''}",2186.0,5,0.23,20.0,🌱 STEADY
kyegomez/swarms,kyegomez,https://github.com/kyegomez/swarms,,Python,"['machine-learning', 'ai', 'artificial-intelligence', 'prompt-toolkit', 'swarms']",7073,,,,,,,,,raw_2026_08_21,2026-08-21,AI Agents|Core ML & Deep Learning,AI Agents,"{'url': 'https://github.com/search?q=topic%3Amachine-learning+stars%3A%3E50&type=repositories&s=updated&o=desc', 'max_pages': 15, 'search_query': ''}",,0,0.0,0.0,💤 LOW VELOCITY
lab-cosmo/upet,lab-cosmo,https://github.com/lab-cosmo/upet,,Python,"['machine-learning', 'molecular-dynamics', 'machine-learned-interatomic-potentials', 'universal-potential']",229,,,,,,,,,raw_2026_08_21,2026-08-21,Core ML & Deep Learning,Core ML & Deep Learning,"{'url': 'https://github.com/search?q=topic%3Amachine-learning+stars%3A%3E50&type=repositories&s=updated&o=desc', 'max_pages': 15, 'search_query': ''}",228.0,1,0.44,10.6,💤 LOW VELOCITY
libxsmm/tpp-mlir,libxsmm,https://github.com/libxsmm/tpp-mlir,,MLIR,"['machine-learning', 'library', 'compiler', 'llvm', 'micro-kernel']",162,,,,,,,,,raw_2026_08_21,2026-08-21,Core ML & Deep Learning,Core ML & Deep Learning,"{'url': 'https://github.com/search?q=topic%3Amachine-learning+stars%3A%3E50&type=repositories&s=updated&o=desc', 'max_pages': 15, 'search_query': ''}",,0,0.0,0.0,💤 LOW VELOCITY
lstein/PhotoMapAI,lstein,https://github.com/lstein/PhotoMapAI,,Python,"['visualization', 'python', 'open-source', 'machine-learning', 'slideshow']",84,,,,,,,,,raw_2026_08_21,2026-08-21,Core ML & Deep Learning,Core ML & Deep Learning,"{'url': 'https://github.com/search?q=topic%3Amachine-learning+stars%3A%3E50&type=repositories&s=updated&o=desc', 'max_pages': 15, 'search_query': ''}",,0,0.0,0.0,💤 LOW VELOCITY
lutzroeder/netron,lutzroeder,https://github.com/lutzroeder/netron,,JavaScript,"['machine-learning', 'ai', 'deep-learning', 'neural-network', 'tensorflow']",33381,,,,,,,,,raw_2026_08_21,2026-08-21,Core ML & Deep Learning,Core ML & Deep Learning,"{'url': 'https://github.com/search?q=topic%3Amachine-learning+stars%3A%3E50&type=repositories&s=updated&o=desc', 'max_pages': 15, 'search_query': ''}",33362.0,19,0.06,30.5,🌱 STEADY
marcelwa/aigverse,marcelwa,https://github.com/marcelwa/aigverse,,Python,"['python', 'machine-learning', 'verilog', 'logic-synthesis', 'aiger']",88,,,,,,,,,raw_2026_08_21,2026-08-21,Core ML & Deep Learning,Core ML & Deep Learning,"{'url': 'https://github.com/search?q=topic%3Amachine-learning+stars%3A%3E50&type=repositories&s=updated&o=desc', 'max_pages': 15, 'search_query': ''}",88.0,0,0.0,0.0,💤 LOW VELOCITY
marimo-team/marimo,marimo-team,https://github.com/marimo-team/marimo,,Python,"['python', 'data-science', 'machine-learning', 'reactive', 'sql']",22421,,,,,,,,,raw_2026_08_21,2026-08-21,Core ML & Deep Learning,Core ML & Deep Learning,"{'url': 'https://github.com/search?q=topic%3Amachine-learning+stars%3A%3E50&type=repositories&s=updated&o=desc', 'max_pages': 15, 'search_query': ''}",22401.0,20,0.09,31.3,🌱 STEADY
microsoft/onnxruntime,microsoft,https://github.com/microsoft/onnxruntime,,C++,"['machine-learning', 'deep-learning', 'tensorflow', 'scikit-learn', 'pytorch']",21414,,,,,,,,,raw_2026_08_21,2026-08-21,Core ML & Deep Learning,Core ML & Deep Learning,"{'url': 'https://github.com/search?q=topic%3Amachine-learning+stars%3A%3E50&type=repositories&s=updated&o=desc', 'max_pages': 15, 'search_query': ''}",21400.0,14,0.07,27.8,🌱 STEADY
mikeoliphant/NeuralAudio,mikeoliphant,https://github.com/mikeoliphant/NeuralAudio,,C++,"['machine-learning', 'lstm', 'wavenet', 'nam', 'neural-amp-modeler']",144,,,,,,,,,raw_2026_08_21,2026-08-21,Core ML & Deep Learning,Core ML & Deep Learning,"{'url': 'https://github.com/search?q=topic%3Amachine-learning+stars%3A%3E50&type=repositories&s=updated&o=desc', 'max_pages': 15, 'search_query': ''}",,0,0.0,0.0,💤 LOW VELOCITY
mlflow/mlflow,mlflow,https://github.com/mlflow/mlflow,,Python,"['open-source', 'machine-learning', 'ai', 'apache-spark', 'evaluation']",27608,,,,,,,,,raw_2026_08_21,2026-08-21,Core ML & Deep Learning,Core ML & Deep Learning,"{'url': 'https://github.com/search?q=topic%3Amachine-learning+stars%3A%3E50&type=repositories&s=updated&o=desc', 'max_pages': 15, 'search_query': ''}",,0,0.0,0.0,💤 LOW VELOCITY
mlr-org/mlr3,mlr-org,https://github.com/mlr-org/mlr3,,R,"['data-science', 'machine-learning', 'r', 'regression', 'classification']",1080,,,,,,,,,raw_2026_08_21,2026-08-21,Core ML & Deep Learning,Core ML & Deep Learning,"{'url': 'https://github.com/search?q=topic%3Amachine-learning+stars%3A%3E50&type=repositories&s=updated&o=desc', 'max_pages': 15, 'search_query': ''}",1079.0,1,0.09,7.8,💤 LOW VELOCITY
mmschlk/shapiq,mmschlk,https://github.com/mmschlk/shapiq,,Python,"['python', 'machine-learning', 'game-theory', 'interpretability', 'feature-importance']",768,,,,,,,,,raw_2026_08_21,2026-08-21,Core ML & Deep Learning,Core ML & Deep Learning,"{'url': 'https://github.com/search?q=topic%3Amachine-learning+stars%3A%3E50&type=repositories&s=updated&o=desc', 'max_pages': 15, 'search_query': ''}",,0,0.0,0.0,💤 LOW VELOCITY
mne-tools/mne-python,mne-tools,https://github.com/mne-tools/mne-python,,Python,"['visualization', 'python', 'machine-learning', 'statistics', 'neuroscience']",3488,,,,,,,,,raw_2026_08_21,2026-08-21,Core ML & Deep Learning,Core ML & Deep Learning,"{'url': 'https://github.com/search?q=topic%3Amachine-learning+stars%3A%3E50&type=repositories&s=updated&o=desc', 'max_pages': 15, 'search_query': ''}",3490.0,-2,-0.06,0.0,💤 LOW VELOCITY
modal-labs/modal-client,modal-labs,https://github.com/modal-labs/modal-client,,Python,"['python', 'data-science', 'machine-learning', 'cloud', 'ai']",506,,,,,,,,,raw_2026_08_21,2026-08-21,Core ML & Deep Learning,Core ML & Deep Learning,"{'url': 'https://github.com/search?q=topic%3Amachine-learning+stars%3A%3E50&type=repositories&s=updated&o=desc', 'max_pages': 15, 'search_query': ''}",505.0,1,0.2,8.8,💤 LOW VELOCITY
mozilla/bugbug,mozilla,https://github.com/mozilla/bugbug,,Python,"['python', 'machine-learning', 'ai', 'ml', 'developer-tools']",568,,,,,,,,,raw_2026_08_21,2026-08-21,Core ML & Deep Learning,Core ML & Deep Learning,"{'url': 'https://github.com/search?q=topic%3Amachine-learning+stars%3A%3E50&type=repositories&s=updated&o=desc', 'max_pages': 15, 'search_query': ''}",569.0,-1,-0.18,0.0,💤 LOW VELOCITY
mrcanlaco/Dao-Vang-Peak-Pulse,mrcanlaco,https://github.com/mrcanlaco/Dao-Vang-Peak-Pulse,,Python,"['python', 'agent', 'finance', 'machine-learning', 'crypto']",90,,,,,,,,,raw_2026_08_21,2026-08-21,AI Agents|Core ML & Deep Learning,AI Agents,"{'url': 'https://github.com/search?q=topic%3Amachine-learning+stars%3A%3E50&type=repositories&s=updated&o=desc', 'max_pages': 15, 'search_query': ''}",,0,0.0,0.0,💤 LOW VELOCITY
nautechsystems/nautilus_trader,nautechsystems,https://github.com/nautechsystems/nautilus_trader,,Rust,"['python', 'rust', 'machine-learning', 'trading', 'forex']",27000,,,,,,,,,raw_2026_08_21,2026-08-21,Core ML & Deep Learning,Core ML & Deep Learning,"{'url': 'https://github.com/search?q=topic%3Amachine-learning+stars%3A%3E50&type=repositories&s=updated&o=desc', 'max_pages': 15, 'search_query': ''}",26230.0,770,2.94,80.2,🔥 BREAKOUT
nebius/soperator,nebius,https://github.com/nebius/soperator,,Go,"['kubernetes', 'machine-learning', 'hpc', 'ml', 'slurm']",418,,,,,,,,,raw_2026_08_21,2026-08-21,MLOps & Orchestration|Core ML & Deep Learning,MLOps & Orchestration,"{'url': 'https://github.com/search?q=topic%3Amachine-learning+stars%3A%3E50&type=repositories&s=updated&o=desc', 'max_pages': 15, 'search_query': ''}",416.0,2,0.48,14.9,💤 LOW VELOCITY
netdata/netdata,netdata,https://github.com/netdata/netdata,,Go,"['mysql', 'linux', 'docker', 'kubernetes', 'devops']",80254,,,,,,,,,raw_2026_08_21,2026-08-21,MLOps & Orchestration,MLOps & Orchestration,"{'url': 'https://github.com/search?q=topic%3Amachine-learning+stars%3A%3E50&type=repositories&s=updated&o=desc', 'max_pages': 15, 'search_query': ''}",80229.0,25,0.03,32.9,🌱 STEADY
nilearn/nilearn,nilearn,https://github.com/nilearn/nilearn,,Python,"['python', 'machine-learning', 'decoding', 'neuroimaging', 'fmri']",1424,,,,,,,,,raw_2026_08_21,2026-08-21,Core ML & Deep Learning,Core ML & Deep Learning,"{'url': 'https://github.com/search?q=topic%3Amachine-learning+stars%3A%3E50&type=repositories&s=updated&o=desc', 'max_pages': 15, 'search_query': ''}",1425.0,-1,-0.07,0.0,💤 LOW VELOCITY
obss/sahi,obss,https://github.com/obss/sahi,,Python,"['python', 'machine-learning', 'computer-vision', 'deep-learning', 'satellite']",5472,,,,,,,,,raw_2026_08_21,2026-08-21,Computer Vision|Core ML & Deep Learning,Computer Vision,"{'url': 'https://github.com/search?q=topic%3Amachine-learning+stars%3A%3E50&type=repositories&s=updated&o=desc', 'max_pages': 15, 'search_query': ''}",,0,0.0,0.0,💤 LOW VELOCITY
ohdearquant/lionagi,ohdearquant,https://github.com/ohdearquant/lionagi,,Python,"['workflow', 'data', 'machine-learning', 'automation', 'ai']",404,,,,,,,,,raw_2026_08_21,2026-08-21,MLOps & Orchestration|Core ML & Deep Learning,MLOps & Orchestration,"{'url': 'https://github.com/search?q=topic%3Amachine-learning+stars%3A%3E50&type=repositories&s=updated&o=desc', 'max_pages': 15, 'search_query': ''}",404.0,0,0.0,0.0,💤 LOW VELOCITY
okesipoke/manuscript-phoneme-decipher,okesipoke,https://github.com/okesipoke/manuscript-phoneme-decipher,,HTML,"['nlp', 'machine-learning', 'deep-learning', 'algorithms', 'artificial-intelligence']",116,,,,,,,,,raw_2026_08_21,2026-08-21,Core ML & Deep Learning,Core ML & Deep Learning,"{'url': 'https://github.com/search?q=topic%3Amachine-learning+stars%3A%3E50&type=repositories&s=updated&o=desc', 'max_pages': 15, 'search_query': ''}",116.0,0,0.0,0.0,💤 LOW VELOCITY
online-ml/river,online-ml,https://github.com/online-ml/river,,Python,"['python', 'data-science', 'machine-learning', 'streaming', 'stream-processing']",5920,,,,,,,,,raw_2026_08_21,2026-08-21,Core ML & Deep Learning,Core ML & Deep Learning,"{'url': 'https://github.com/search?q=topic%3Amachine-learning+stars%3A%3E50&type=repositories&s=updated&o=desc', 'max_pages': 15, 'search_query': ''}",,0,0.0,0.0,💤 LOW VELOCITY
onlyoneshakibul/magic-eraser-studio,onlyoneshakibul,https://github.com/onlyoneshakibul/magic-eraser-studio,,HTML,"['machine-learning', 'computer-vision', 'image-processing', 'image-editing', 'artificial-intelligence']",115,,,,,,,,,raw_2026_08_21,2026-08-21,Computer Vision|Core ML & Deep Learning,Computer Vision,"{'url': 'https://github.com/search?q=topic%3Amachine-learning+stars%3A%3E50&type=repositories&s=updated&o=desc', 'max_pages': 15, 'search_query': ''}",115.0,0,0.0,0.0,💤 LOW VELOCITY
open-edge-platform/geti,open-edge-platform,https://github.com/open-edge-platform/geti,,Python,"['machine-learning', 'computer-vision', 'deep-learning', 'pytorch', 'semi-supervised-learning']",1315,,,,,,,,,raw_2026_08_21,2026-08-21,Computer Vision|Core ML & Deep Learning,Computer Vision,"{'url': 'https://github.com/search?q=topic%3Amachine-learning+stars%3A%3E50&type=repositories&s=updated&o=desc', 'max_pages': 15, 'search_query': ''}",1309.0,6,0.46,23.2,🌱 STEADY
openvinotoolkit/model_server,openvinotoolkit,https://github.com/openvinotoolkit/model_server,,C++,"['kubernetes', 'machine-learning', 'cloud', 'ai', 'deep-learning']",916,,,,,,,,,raw_2026_08_21,2026-08-21,MLOps & Orchestration|Core ML & Deep Learning,MLOps & Orchestration,"{'url': 'https://github.com/search?q=topic%3Amachine-learning+stars%3A%3E50&type=repositories&s=updated&o=desc', 'max_pages': 15, 'search_query': ''}",914.0,2,0.22,13.0,💤 LOW VELOCITY
orcasound/orcahello,orcasound,https://github.com/orcasound/orcahello,,C#,"['machine-learning', 'real-time', 'deep-learning', 'neural-network', 'realtime']",58,,,,,,,,,raw_2026_08_21,2026-08-21,Core ML & Deep Learning,Core ML & Deep Learning,"{'url': 'https://github.com/search?q=topic%3Amachine-learning+stars%3A%3E50&type=repositories&s=updated&o=desc', 'max_pages': 15, 'search_query': ''}",58.0,0,0.0,0.0,💤 LOW VELOCITY
paperless-ngx/paperless-ngx,paperless-ngx,https://github.com/paperless-ngx/paperless-ngx,,Python,"['pdf', 'machine-learning', 'django', 'angular', 'ocr']",44470,,,,,,,,,raw_2026_08_21,2026-08-21,Computer Vision|Core ML & Deep Learning,Computer Vision,"{'url': 'https://github.com/search?q=topic%3Amachine-learning+stars%3A%3E50&type=repositories&s=updated&o=desc', 'max_pages': 15, 'search_query': ''}",44412.0,58,0.13,42.0,⚡ ACCELERATING
pixeltable/pixeltable,pixeltable,https://github.com/pixeltable/pixeltable,,Python,"['data-science', 'machine-learning', 'database', 'ai', 'computer-vision']",1613,,,,,,,,,raw_2026_08_21,2026-08-21,Computer Vision|Core ML & Deep Learning,Computer Vision,"{'url': 'https://github.com/search?q=topic%3Amachine-learning+stars%3A%3E50&type=repositories&s=updated&o=desc', 'max_pages': 15, 'search_query': ''}",,0,0.0,0.0,💤 LOW VELOCITY
pravin6688/churn-triad-insights,pravin6688,https://github.com/pravin6688/churn-triad-insights,,HTML,"['python', 'machine-learning', 'excel', 'data-analytics', 'logistic-regression']",115,,,,,,,,,raw_2026_08_21,2026-08-21,Core ML & Deep Learning,Core ML & Deep Learning,"{'url': 'https://github.com/search?q=topic%3Amachine-learning+stars%3A%3E50&type=repositories&s=updated&o=desc', 'max_pages': 15, 'search_query': ''}",115.0,0,0.0,0.0,💤 LOW VELOCITY
pytorch/TensorRT,pytorch,https://github.com/pytorch/TensorRT,,Python,"['machine-learning', 'deep-learning', 'cuda', 'pytorch', 'nvidia']",2984,,,,,,,,,raw_2026_08_21,2026-08-21,Core ML & Deep Learning,Core ML & Deep Learning,"{'url': 'https://github.com/search?q=topic%3Amachine-learning+stars%3A%3E50&type=repositories&s=updated&o=desc', 'max_pages': 15, 'search_query': ''}",2985.0,-1,-0.03,0.0,💤 LOW VELOCITY
pytorch/executorch,pytorch,https://github.com/pytorch/executorch,,Python,"['machine-learning', 'mobile', 'embedded', 'deep-learning', 'neural-network']",4941,,,,,,,,,raw_2026_08_21,2026-08-21,Core ML & Deep Learning,Core ML & Deep Learning,"{'url': 'https://github.com/search?q=topic%3Amachine-learning+stars%3A%3E50&type=repositories&s=updated&o=desc', 'max_pages': 15, 'search_query': ''}",4934.0,7,0.14,22.1,🌱 STEADY
pytorch/pytorch,pytorch,https://github.com/pytorch/pytorch,,Python,"['python', 'machine-learning', 'deep-learning', 'neural-network', 'gpu']",102517,,,,,,,,,raw_2026_08_21,2026-08-21,Core ML & Deep Learning,Core ML & Deep Learning,"{'url': 'https://github.com/search?q=topic%3Amachine-learning+stars%3A%3E50&type=repositories&s=updated&o=desc', 'max_pages': 15, 'search_query': ''}",102483.0,34,0.03,35.8,🌱 STEADY
pytorch/rl,pytorch,https://github.com/pytorch/rl,,Python,"['machine-learning', 'control', 'reinforcement-learning', 'ai', 'robotics']",3528,,,,,,,,,raw_2026_08_21,2026-08-21,Core ML & Deep Learning,Core ML & Deep Learning,"{'url': 'https://github.com/search?q=topic%3Amachine-learning+stars%3A%3E50&type=repositories&s=updated&o=desc', 'max_pages': 15, 'search_query': ''}",,0,0.0,0.0,💤 LOW VELOCITY
qdrant/qdrant,qdrant,https://github.com/qdrant/qdrant,,Rust,"['search', 'search-engine', 'machine-learning', 'neural-network', 'nearest-neighbor-search']",34115,,,,,,,,,raw_2026_08_21,2026-08-21,RAG & Retrieval|Core ML & Deep Learning,RAG & Retrieval,"{'url': 'https://github.com/search?q=topic%3Amachine-learning+stars%3A%3E50&type=repositories&s=updated&o=desc', 'max_pages': 15, 'search_query': ''}",34047.0,68,0.2,44.2,⚡ ACCELERATING
qualcomm/aimet,qualcomm,https://github.com/qualcomm/aimet,,Python,"['open-source', 'machine-learning', 'opensource', 'deep-neural-networks', 'compression']",2683,,,,,,,,,raw_2026_08_21,2026-08-21,Core ML & Deep Learning,Core ML & Deep Learning,"{'url': 'https://github.com/search?q=topic%3Amachine-learning+stars%3A%3E50&type=repositories&s=updated&o=desc', 'max_pages': 15, 'search_query': ''}",2682.0,1,0.04,7.3,💤 LOW VELOCITY
ray-project/ray,ray-project,https://github.com/ray-project/ray,,Python,"['python', 'data-science', 'machine-learning', 'reinforcement-learning', 'deep-learning']",43577,,,,,,,,,raw_2026_08_21,2026-08-21,Core ML & Deep Learning,Core ML & Deep Learning,"{'url': 'https://github.com/search?q=topic%3Amachine-learning+stars%3A%3E50&type=repositories&s=updated&o=desc', 'max_pages': 15, 'search_query': ''}",43559.0,18,0.04,29.8,🌱 STEADY
reunios2024/cortex-sentinel-trading-nexus,reunios2024,https://github.com/reunios2024/cortex-sentinel-trading-nexus,,HTML,"['python', 'machine-learning', 'reinforcement-learning', 'trading-bot', 'pytorch']",118,,,,,,,,,raw_2026_08_21,2026-08-21,AI Agents|Core ML & Deep Learning,AI Agents,"{'url': 'https://github.com/search?q=topic%3Amachine-learning+stars%3A%3E50&type=repositories&s=updated&o=desc', 'max_pages': 15, 'search_query': ''}",118.0,0,0.0,0.0,💤 LOW VELOCITY
roboflow/inference,roboflow,https://github.com/roboflow/inference,,Python,"['python', 'docker', 'machine-learning', 'computer-vision', 'deployment']",2425,,,,,,,,,raw_2026_08_21,2026-08-21,Computer Vision|MLOps & Orchestration|Core ML & Deep Learning,Computer Vision,"{'url': 'https://github.com/search?q=topic%3Amachine-learning+stars%3A%3E50&type=repositories&s=updated&o=desc', 'max_pages': 15, 'search_query': ''}",2421.0,4,0.17,17.7,💤 LOW VELOCITY
roboflow/rf-detr,roboflow,https://github.com/roboflow/rf-detr,,Python,"['machine-learning', 'computer-vision', 'object-detection', 'sota', 'instance-segmentation']",9028,,,,,,,,,raw_2026_08_21,2026-08-21,Computer Vision|Core ML & Deep Learning,Computer Vision,"{'url': 'https://github.com/search?q=topic%3Amachine-learning+stars%3A%3E50&type=repositories&s=updated&o=desc', 'max_pages': 15, 'search_query': ''}",9005.0,23,0.26,34.1,🌱 STEADY
roboflow/supervision,roboflow,https://github.com/roboflow/supervision,,Python,"['python', 'tracking', 'machine-learning', 'computer-vision', 'deep-learning']",49635,,,,,,,,,raw_2026_08_21,2026-08-21,Computer Vision|Core ML & Deep Learning,Computer Vision,"{'url': 'https://github.com/search?q=topic%3Amachine-learning+stars%3A%3E50&type=repositories&s=updated&o=desc', 'max_pages': 15, 'search_query': ''}",,0,0.0,0.0,💤 LOW VELOCITY
rocketride-org/rocketride-server,rocketride-org,https://github.com/rocketride-org/rocketride-server,,Python,"['python', 'machine-learning', 'typescript', 'sdk', 'ai']",6953,,,,,,,,,raw_2026_08_21,2026-08-21,Core ML & Deep Learning,Core ML & Deep Learning,"{'url': 'https://github.com/search?q=topic%3Amachine-learning+stars%3A%3E50&type=repositories&s=updated&o=desc', 'max_pages': 15, 'search_query': ''}",6519.0,434,6.66,81.1,🔥 BREAKOUT
rohitg00/ai-engineering-from-scratch,rohitg00,https://github.com/rohitg00/ai-engineering-from-scratch,,Python,"['python', 'nlp', 'rust', 'machine-learning', 'tutorial']",47515,,,,,,,,,raw_2026_08_21,2026-08-21,Core ML & Deep Learning,Core ML & Deep Learning,"{'url': 'https://github.com/search?q=topic%3Amachine-learning+stars%3A%3E50&type=repositories&s=updated&o=desc', 'max_pages': 15, 'search_query': ''}",,0,0.0,0.0,💤 LOW VELOCITY
root-project/root,root-project,https://github.com/root-project/root,,C++,"['visualization', 'python', 'c-plus-plus', 'machine-learning', 'statistics']",3283,,,,,,,,,raw_2026_08_21,2026-08-21,Core ML & Deep Learning,Core ML & Deep Learning,"{'url': 'https://github.com/search?q=topic%3Amachine-learning+stars%3A%3E50&type=repositories&s=updated&o=desc', 'max_pages': 15, 'search_query': ''}",3283.0,0,0.0,0.0,💤 LOW VELOCITY
run-llama/ParseBench,run-llama,https://github.com/run-llama/ParseBench,,Python,"['benchmark', 'machine-learning', 'ocr', 'evaluation', 'pdf-parsing']",551,,,,,,,,,raw_2026_08_21,2026-08-21,Computer Vision|Core ML & Deep Learning,Computer Vision,"{'url': 'https://github.com/search?q=topic%3Amachine-learning+stars%3A%3E50&type=repositories&s=updated&o=desc', 'max_pages': 15, 'search_query': ''}",550.0,1,0.18,8.6,💤 LOW VELOCITY
s60sc/ESP32-CAM_MJPEG2SD,s60sc,https://github.com/s60sc/ESP32-CAM_MJPEG2SD,,HTML,"['machine-learning', 'camera', 'rtsp', 'fpv', 'telegram-bot']",1702,,,,,,,,,raw_2026_08_21,2026-08-21,Core ML & Deep Learning,Core ML & Deep Learning,"{'url': 'https://github.com/search?q=topic%3Amachine-learning+stars%3A%3E50&type=repositories&s=updated&o=desc', 'max_pages': 15, 'search_query': ''}",,0,0.0,0.0,💤 LOW VELOCITY
sanidhyy/brainwave,sanidhyy,https://github.com/sanidhyy/brainwave,,JavaScript,"['react', 'javascript', 'css', 'html', 'machine-learning']",165,,,,,,,,,raw_2026_08_21,2026-08-21,Core ML & Deep Learning,Core ML & Deep Learning,"{'url': 'https://github.com/search?q=topic%3Amachine-learning+stars%3A%3E50&type=repositories&s=updated&o=desc', 'max_pages': 15, 'search_query': ''}",,0,0.0,0.0,💤 LOW VELOCITY
screenpipe/screenpipe,screenpipe,https://github.com/screenpipe/screenpipe,,Rust,"['machine-learning', 'privacy', 'ai', 'computer-vision', 'mcp']",21155,,,,,,,,,raw_2026_08_21,2026-08-21,Computer Vision|Core ML & Deep Learning,Computer Vision,"{'url': 'https://github.com/search?q=topic%3Amachine-learning+stars%3A%3E50&type=repositories&s=updated&o=desc', 'max_pages': 15, 'search_query': ''}",21110.0,45,0.21,40.2,⚡ ACCELERATING
scverse/scanpy,scverse,https://github.com/scverse/scanpy,,Python,"['python', 'data-science', 'machine-learning', 'bioinformatics', 'transcriptomics']",2543,,,,,,,,,raw_2026_08_21,2026-08-21,Core ML & Deep Learning,Core ML & Deep Learning,"{'url': 'https://github.com/search?q=topic%3Amachine-learning+stars%3A%3E50&type=repositories&s=updated&o=desc', 'max_pages': 15, 'search_query': ''}",2543.0,0,0.0,0.0,💤 LOW VELOCITY
sdv-dev/SDV,sdv-dev,https://github.com/sdv-dev/SDV,,Python,"['machine-learning', 'deep-learning', 'time-series', 'generative-adversarial-network', 'gan']",3548,,,,,,,,,raw_2026_08_21,2026-08-21,Core ML & Deep Learning,Core ML & Deep Learning,"{'url': 'https://github.com/search?q=topic%3Amachine-learning+stars%3A%3E50&type=repositories&s=updated&o=desc', 'max_pages': 15, 'search_query': ''}",3546.0,2,0.06,11.6,💤 LOW VELOCITY
sheaf-lang/sheaf,sheaf-lang,https://github.com/sheaf-lang/sheaf,,Rust,"['rust', 'machine-learning', 'lisp', 'compiler', 'functional-programming']",54,,,,,,,,,raw_2026_08_21,2026-08-21,Core ML & Deep Learning,Core ML & Deep Learning,"{'url': 'https://github.com/search?q=topic%3Amachine-learning+stars%3A%3E50&type=repositories&s=updated&o=desc', 'max_pages': 15, 'search_query': ''}",54.0,0,0.0,0.0,💤 LOW VELOCITY
sktime/sktime,sktime,https://github.com/sktime/sktime,,Python,"['data-science', 'machine-learning', 'data-mining', 'ai', 'time-series']",9956,,,,,,,,,raw_2026_08_21,2026-08-21,Core ML & Deep Learning,Core ML & Deep Learning,"{'url': 'https://github.com/search?q=topic%3Amachine-learning+stars%3A%3E50&type=repositories&s=updated&o=desc', 'max_pages': 15, 'search_query': ''}",,0,0.0,0.0,💤 LOW VELOCITY
skypilot-org/skypilot,skypilot-org,https://github.com/skypilot-org/skypilot,,Python,"['machine-learning', 'deep-learning', 'gpu', 'job-scheduler', 'slurm']",10517,,,,,,,,,raw_2026_08_21,2026-08-21,MLOps & Orchestration|Core ML & Deep Learning,MLOps & Orchestration,"{'url': 'https://github.com/search?q=topic%3Amachine-learning+stars%3A%3E50&type=repositories&s=updated&o=desc', 'max_pages': 15, 'search_query': ''}",10511.0,6,0.06,20.0,🌱 STEADY
skyportal/skyportal,skyportal,https://github.com/skyportal/skyportal,,Python,"['machine-learning', 'astronomy', 'lsst', 'collaborative-research', 'variable-stars']",130,,,,,,,,,raw_2026_08_21,2026-08-21,RAG & Retrieval|Core ML & Deep Learning,RAG & Retrieval,"{'url': 'https://github.com/search?q=topic%3Amachine-learning+stars%3A%3E50&type=repositories&s=updated&o=desc', 'max_pages': 15, 'search_query': ''}",130.0,0,0.0,0.0,💤 LOW VELOCITY
smartcorelib/smartcore,smartcorelib,https://github.com/smartcorelib/smartcore,,Rust,"['rust', 'machine-learning', 'clustering', 'machine-learning-algorithms', 'statistical-learning']",949,,,,,,,,,raw_2026_08_21,2026-08-21,Core ML & Deep Learning,Core ML & Deep Learning,"{'url': 'https://github.com/search?q=topic%3Amachine-learning+stars%3A%3E50&type=repositories&s=updated&o=desc', 'max_pages': 15, 'search_query': ''}",,0,0.0,0.0,💤 LOW VELOCITY
soda-inria/tabicl,soda-inria,https://github.com/soda-inria/tabicl,,Python,"['machine-learning', 'deep-learning', 'tabular-data', 'tabular-methods', 'tabular-model']",1297,,,,,,,,,raw_2026_08_21,2026-08-21,Core ML & Deep Learning,Core ML & Deep Learning,"{'url': 'https://github.com/search?q=topic%3Amachine-learning+stars%3A%3E50&type=repositories&s=updated&o=desc', 'max_pages': 15, 'search_query': ''}",1289.0,8,0.62,26.8,🌱 STEADY
spiceai/spiceai,spiceai,https://github.com/spiceai/spiceai,,Rust,"['infrastructure', 'data', 'machine-learning', 'sql', 'artificial-intelligence']",3069,,,,,,,,,raw_2026_08_21,2026-08-21,Core ML & Deep Learning,Core ML & Deep Learning,"{'url': 'https://github.com/search?q=topic%3Amachine-learning+stars%3A%3E50&type=repositories&s=updated&o=desc', 'max_pages': 15, 'search_query': ''}",3069.0,0,0.0,0.0,💤 LOW VELOCITY
sstklen/trump-code,sstklen,https://github.com/sstklen/trump-code,,Python,"['machine-learning', 'trump', 'ai', 'prediction', 'open-data']",796,,,,,,,,,raw_2026_08_21,2026-08-21,Core ML & Deep Learning,Core ML & Deep Learning,"{'url': 'https://github.com/search?q=topic%3Amachine-learning+stars%3A%3E50&type=repositories&s=updated&o=desc', 'max_pages': 15, 'search_query': ''}",794.0,2,0.25,13.2,💤 LOW VELOCITY
strands-agents/evals,strands-agents,https://github.com/strands-agents/evals,,Python,"['python', 'machine-learning', 'ai', 'evaluation', 'agentic']",182,,,,,,,,,raw_2026_08_21,2026-08-21,AI Agents|Core ML & Deep Learning,AI Agents,"{'url': 'https://github.com/search?q=topic%3Amachine-learning+stars%3A%3E50&type=repositories&s=updated&o=desc', 'max_pages': 15, 'search_query': ''}",180.0,2,1.11,18.5,💤 LOW VELOCITY
streamlit/streamlit,streamlit,https://github.com/streamlit/streamlit,,Python,"['python', 'data-science', 'machine-learning', 'deep-learning', 'data-visualization']",45580,,,,,,,,,raw_2026_08_21,2026-08-21,Core ML & Deep Learning,Core ML & Deep Learning,"{'url': 'https://github.com/search?q=topic%3Amachine-learning+stars%3A%3E50&type=repositories&s=updated&o=desc', 'max_pages': 15, 'search_query': ''}",45574.0,6,0.01,19.6,💤 LOW VELOCITY
superiorlu/AITreasureBox,superiorlu,https://github.com/superiorlu/AITreasureBox,,Ruby,"['machine-learning', 'ai', 'deep-learning', 'mcp', 'agi']",856,,,,,,,,,raw_2026_08_21,2026-08-21,Core ML & Deep Learning,Core ML & Deep Learning,"{'url': 'https://github.com/search?q=topic%3Amachine-learning+stars%3A%3E50&type=repositories&s=updated&o=desc', 'max_pages': 15, 'search_query': ''}",855.0,1,0.12,8.1,💤 LOW VELOCITY
techascent/tech.ml.dataset,techascent,https://github.com/techascent/tech.ml.dataset,,Clojure,"['java', 'machine-learning', 'clojure', 'csv', 'xlsx']",757,,,,,,,,,raw_2026_08_21,2026-08-21,Core ML & Deep Learning,Core ML & Deep Learning,"{'url': 'https://github.com/search?q=topic%3Amachine-learning+stars%3A%3E50&type=repositories&s=updated&o=desc', 'max_pages': 15, 'search_query': ''}",,0,0.0,0.0,💤 LOW VELOCITY
tensorflow/datasets,tensorflow,https://github.com/tensorflow/datasets,,Python,"['data', 'machine-learning', 'tensorflow', 'numpy', 'dataset']",4580,,,,,,,,,raw_2026_08_21,2026-08-21,Core ML & Deep Learning,Core ML & Deep Learning,"{'url': 'https://github.com/search?q=topic%3Amachine-learning+stars%3A%3E50&type=repositories&s=updated&o=desc', 'max_pages': 15, 'search_query': ''}",,0,0.0,0.0,💤 LOW VELOCITY
tensorflow/tensorflow,tensorflow,https://github.com/tensorflow/tensorflow,,C++,"['python', 'machine-learning', 'deep-neural-networks', 'deep-learning', 'neural-network']",197220,,,,,,,,,raw_2026_08_21,2026-08-21,Core ML & Deep Learning,Core ML & Deep Learning,"{'url': 'https://github.com/search?q=topic%3Amachine-learning+stars%3A%3E50&type=repositories&s=updated&o=desc', 'max_pages': 15, 'search_query': ''}",197067.0,153,0.08,51.1,⚡ ACCELERATING
tracel-ai/burn,tracel-ai,https://github.com/tracel-ai/burn,,Rust,"['rust', 'machine-learning', 'deep-learning', 'metal', 'cross-platform']",15794,,,,,,,,,raw_2026_08_21,2026-08-21,Core ML & Deep Learning,Core ML & Deep Learning,"{'url': 'https://github.com/search?q=topic%3Amachine-learning+stars%3A%3E50&type=repositories&s=updated&o=desc', 'max_pages': 15, 'search_query': ''}",15780.0,14,0.09,27.9,🌱 STEADY
ultralytics/ultralytics,ultralytics,https://github.com/ultralytics/ultralytics,,Python,"['python', 'tracking', 'machine-learning', 'computer-vision', 'deep-learning']",60838,,,,,,,,,raw_2026_08_21,2026-08-21,Computer Vision|Core ML & Deep Learning,Computer Vision,"{'url': 'https://github.com/search?q=topic%3Amachine-learning+stars%3A%3E50&type=repositories&s=updated&o=desc', 'max_pages': 15, 'search_query': ''}",60770.0,68,0.11,43.4,⚡ ACCELERATING
uxlfoundation/oneDAL,uxlfoundation,https://github.com/uxlfoundation/oneDAL,,C++,"['data-science', 'machine-learning', 'big-data', 'analytics', 'cpp']",651,,,,,,,,,raw_2026_08_21,2026-08-21,Core ML & Deep Learning,Core ML & Deep Learning,"{'url': 'https://github.com/search?q=topic%3Amachine-learning+stars%3A%3E50&type=repositories&s=updated&o=desc', 'max_pages': 15, 'search_query': ''}",651.0,0,0.0,0.0,💤 LOW VELOCITY
vertica/VerticaPy,vertica,https://github.com/vertica/VerticaPy,,Python,"['python', 'data-science', 'machine-learning', 'big-data', 'python-library']",227,,,,,,,,,raw_2026_08_21,2026-08-21,Core ML & Deep Learning,Core ML & Deep Learning,"{'url': 'https://github.com/search?q=topic%3Amachine-learning+stars%3A%3E50&type=repositories&s=updated&o=desc', 'max_pages': 15, 'search_query': ''}",,0,0.0,0.0,💤 LOW VELOCITY
vespa-engine/vespa,vespa-engine,https://github.com/vespa-engine/vespa,,Java,"['search', 'java', 'search-engine', 'machine-learning', 'big-data']",7057,,,,,,,,,raw_2026_08_21,2026-08-21,RAG & Retrieval|Core ML & Deep Learning,RAG & Retrieval,"{'url': 'https://github.com/search?q=topic%3Amachine-learning+stars%3A%3E50&type=repositories&s=updated&o=desc', 'max_pages': 15, 'search_query': ''}",7056.0,1,0.01,7.0,💤 LOW VELOCITY
voxel51/fiftyone,voxel51,https://github.com/voxel51/fiftyone,,TypeScript,"['visualization', 'python', 'data-science', 'machine-learning', 'computer-vision']",11027,,,,,,,,,raw_2026_08_21,2026-08-21,Computer Vision|Core ML & Deep Learning,Computer Vision,"{'url': 'https://github.com/search?q=topic%3Amachine-learning+stars%3A%3E50&type=repositories&s=updated&o=desc', 'max_pages': 15, 'search_query': ''}",11017.0,10,0.09,24.8,🌱 STEADY
wandb/wandb,wandb,https://github.com/wandb/wandb,,Python,"['data-science', 'machine-learning', 'reinforcement-learning', 'ai', 'deep-learning']",11235,,,,,,,,,raw_2026_08_21,2026-08-21,Core ML & Deep Learning,Core ML & Deep Learning,"{'url': 'https://github.com/search?q=topic%3Amachine-learning+stars%3A%3E50&type=repositories&s=updated&o=desc', 'max_pages': 15, 'search_query': ''}",,0,0.0,0.0,💤 LOW VELOCITY
warpfront/hipfire,warpfront,https://github.com/warpfront/hipfire,,Rust,"['rust', 'machine-learning', 'hip', 'gpu-computing', 'rdna']",535,,,,,,,,,raw_2026_08_21,2026-08-21,Core ML & Deep Learning,Core ML & Deep Learning,"{'url': 'https://github.com/search?q=topic%3Amachine-learning+stars%3A%3E50&type=repositories&s=updated&o=desc', 'max_pages': 15, 'search_query': ''}",524.0,11,2.1,36.2,🌱 STEADY
wonglaitung/fortune,wonglaitung,https://github.com/wonglaitung/fortune,,Python,"['machine-learning', 'ai', 'bitcoin', 'ethereum', 'stock']",74,,,,,,,,,raw_2026_08_21,2026-08-21,Core ML & Deep Learning,Core ML & Deep Learning,"{'url': 'https://github.com/search?q=topic%3Amachine-learning+stars%3A%3E50&type=repositories&s=updated&o=desc', 'max_pages': 15, 'search_query': ''}",74.0,0,0.0,0.0,💤 LOW VELOCITY
xberg-io/liter-llm,xberg-io,https://github.com/xberg-io/liter-llm,,Rust,"['python', 'rust', 'machine-learning', 'streaming', 'typescript']",249,,,,,,,,,raw_2026_08_21,2026-08-21,Core ML & Deep Learning,Core ML & Deep Learning,"{'url': 'https://github.com/search?q=topic%3Amachine-learning+stars%3A%3E50&type=repositories&s=updated&o=desc', 'max_pages': 15, 'search_query': ''}",249.0,0,0.0,0.0,💤 LOW VELOCITY
xorbitsai/inference,xorbitsai,https://github.com/xorbitsai/inference,,Python,"['machine-learning', 'deployment', 'transformers', 'inference', 'pytorch']",9504,,,,,,,,,raw_2026_08_21,2026-08-21,Core ML & Deep Learning,Core ML & Deep Learning,"{'url': 'https://github.com/search?q=topic%3Amachine-learning+stars%3A%3E50&type=repositories&s=updated&o=desc', 'max_pages': 15, 'search_query': ''}",9502.0,2,0.02,11.2,💤 LOW VELOCITY
zapplyjobs/New-Grad-Data-Science-Jobs-2027,zapplyjobs,https://github.com/zapplyjobs/New-Grad-Data-Science-Jobs-2027,,HTML,"['data-science', 'data', 'machine-learning', 'ai', 'jobs']",69,,,,,,,,,raw_2026_08_21,2026-08-21,Core ML & Deep Learning,Core ML & Deep Learning,"{'url': 'https://github.com/search?q=topic%3Amachine-learning+stars%3A%3E50&type=repositories&s=updated&o=desc', 'max_pages': 15, 'search_query': ''}",69.0,0,0.0,0.0,💤 LOW VELOCITY
zapplyjobs/awesome-ml-internships,zapplyjobs,https://github.com/zapplyjobs/awesome-ml-internships,,Unknown,"['data-science', 'machine-learning', 'awesome-list', 'internships', 'awesome-resources']",452,,,,,,,,,raw_2026_08_21,2026-08-21,Core ML & Deep Learning,Core ML & Deep Learning,"{'url': 'https://github.com/search?q=topic%3Amachine-learning+stars%3A%3E50&type=repositories&s=updated&o=desc', 'max_pages': 15, 'search_query': ''}",,0,0.0,0.0,💤 LOW VELOCITY
